user_id,name,email,password
1,Nancy Garcia,nancy.garcia@example.com,0b14d501a594442a01c6859541bcb3e8164d183d32937b851835442f69d5
2,Joshua Williams,joshua.williams@example.com,6cf615d5bcaac778352a8f1f3360d23f02f34ec182e259897fd6ce485d78
3,George Harris,george.harris@example.com,5906ac361a137e2d286465cd6588ebb5ac3f5ae955001100bc41577c3d75
4,Betty Flores,betty.flores@example.com,b97873a40f73abedd8d685a7cd5e5f85e4a9cfb83eac26886640a0813850
5,Carol King,carol.king@example.com,8b2c86ea9cf2ea4eb517fd1e06b74f399e7fec0fef92e3b482a6cf2e2b09
6,Charles Rivera,charles.rivera@example.com,598a1a400c1dfdf36974e69d7e1bc98593f2e15015eed8e9b7e47a83b316
7,Joshua Brown,joshua.brown@example.com,5860836e8f13fc9837539a597d4086bfc0299e54ad92148d54538b5c3fee
8,Deborah Lopez,deborah.lopez@example.com,57f3ebab63f156fd8f776ba645a55d96360a15eeffc8b0e4afe4c05fa882
9,Kenneth Young,kenneth.young@example.com,9323dd6786ebcbf3ac87357cc78ba1abfda6cf5e55cd01097b90d4a286ca
10,Mark Smith,mark.smith@example.com,aa4a9ea03fcac15b5fc63c949ac34e7b0fd17906716ac3b8e58c599cdc5a
11,Richard Nelson,richard.nelson@example.com,53d453b0c08b6b38ae91515dc88d25fbecdd1d6001f022419629df844f8b
12,Kimberly Jackson,kimberly.jackson@example.com,b3d17ebbe4f2b75d27b6309cfaae1487b667301a73951e7d523a039cd2df
13,Richard Williams,richard.williams@example.com,48caafb68583936afd0d78a7bfd7046d2492fad94f3c485915f74bb60128
14,Joshua Allen,joshua.allen@example.com,c6863e1db9b396ed31a36988639513a1c73a065fab83681f4b77adb648fa
15,Kimberly Hall,kimberly.hall@example.com,c63c2d34ebe84032ad47b87af194fedd17dacf8222b2ea7f4ebfee3dd6db
16,Joseph Flores,joseph.flores@example.com,17a3379984b560dc311bb921b7a46b28aa5cb495667382f887a44a7fdbca
17,William Baker,william.baker@example.com,69bfb918de05145fba9dcee9688dfb23f6115845885e48fa39945eebb99d
18,Robert White,robert.white@example.com,d2042d75a67922194c045da2600e1c92ff6d87e8fb6e0208606665f2d1df
19,Jessica Adams,jessica.adams@example.com,5790ac3d0b8ae8afc72c2c6fb97654f2b73651c328de0a3b74854ade562d
20,James Hernandez,james.hernandez@example.com,7535d8f2d8c35d958995610f971287288ab5e8c82a3c4fdc2b6fb5d757a5
21,Jennifer Moore,jennifer.moore@example.com,91a9ef3563010ea1af916083f9fb03a117d4d0d2a697f82368da1f737629
22,Deborah Sanchez,deborah.sanchez@example.com,d23c1038532dc71d0a60a7fb3d330d7606b7520e9e5ee0ddcdb27ee1bd5b
23,Daniel Nelson,daniel.nelson@example.com,8b807aa0505a00b3ef49e26a2ade8e31fcd6c700d1a3aeee971b49d73da8
24,Betty Sanchez,betty.sanchez@example.com,fc8a9296208a0b281f84690423c5d77785e493f435e6292cc322840f5437
25,Donna Gonzalez,donna.gonzalez@example.com,0b544d6d8da1d1af25318e97e0ac5f6bc70bba49919463dc0074ede01a49
26,Kimberly Smith,kimberly.smith@example.com,869f2a98b0e3a6ea928ff0542330ea3c1e0ff8591801693350f1fc3f1e57
27,Melissa Rivera,melissa.rivera@example.com,9c7568513b9c85e73f3650c8b00e3259501096ccee9d3dbdae6ff5e84aab
28,John Garcia,john.garcia@example.com,6f5ea1c4acc7a563ea8cb3381a55f0183a2394d679ebb7db8312e047bbf8
29,Emily Jackson,emily.jackson@example.com,48a94846b2a7386432b90ad13bcf9c66f1efdd3a97e0e14968c262c412fe
30,George Scott,george.scott@example.com,7c682dea8e934e04343374e3d25cd51edce9cbeb47f7034296052cb5cd6b
31,Donna Thompson,donna.thompson@example.com,a4239ae1725466d26621f102d58c1541c84ff1142f4341c7b66be92e3239
32,Daniel Moore,daniel.moore@example.com,078aa4687601ab09b1f7581014674b3bf1a3aa68b12c346d01024f1f5206
33,Joseph Hill,joseph.hill@example.com,ee13b7d4c8c0595dcabf6016290d65d8a50163569368db690595d5acaa5a
34,Richard Robinson,richard.robinson@example.com,72f1ffa2d7a9c9d60c2369fffce54372eea054d567c77f8a518f4f4c06b3
35,Betty Torres,betty.torres@example.com,5bd40f88c4a6b2c20256389878ec2b59515ca478eb3eb0f3673663273bcb
36,James Taylor,james.taylor@example.com,9777509ca199ac591368c5cfa9ef92b4879ff99098b7e34865172a5ea983
37,Barbara Clark,barbara.clark@example.com,ca02485287fd4f05de9540613f8ba982e99080b66f8452024cb4c4cc3de7
38,Steven Miller,steven.miller@example.com,014d020993865f93b80ec587e171554db5b45a1a46a9101510de52e148aa
39,Emily Jones,emily.jones@example.com,f245ffb6352c8c101b0f9ed1187104f11e0a64622cc5da7082aef963dea5
40,Steven Jackson,steven.jackson@example.com,825e233a9d192f81d3f6780cb8e181af518054a8d9c83381882e573eed01
41,Lisa Davis,lisa.davis@example.com,a13b6ab0bb26b7d8bf31628b3b524efade4ac5b02712a95210c0abda5148
42,Steven Taylor,steven.taylor@example.com,fe404abb6785bd17ac4c937c2837d3ad6d6ac1ed17e099a89a9c5e18d1e9
43,Paul Torres,paul.torres@example.com,fe4597a9d0a16c51ab5c8224dae83f170b69cede0f1a7f40f447f163dcbf
44,Thomas Hall,thomas.hall@example.com,f9d07093d0de736c8881640c3e55714bebd5faf5d6ebbfb41e486e1660c8
45,Mark Harris,mark.harris@example.com,0528d31561cee040ee92e2857a2d71a373605b91da87d09ae5359a0689c4
46,Andrew Walker,andrew.walker@example.com,f7944ecca058c63c386de56353cddf278c98f3143bd4a00bb0b2015adb69
47,Deborah Thomas,deborah.thomas@example.com,7ff9543ea5b226aeb9dcbf13672c32e62623e70edc4177512b169ec4e398
48,Timothy Perez,timothy.perez@example.com,172e362eecb6dff98dbeb4a7c42367109c1b288ecf45ff271fb79acd352b
49,Deborah Robinson,deborah.robinson@example.com,3cd00931dd1de5d07fcafb463ba5c4d95d31dca8a35480cac4a2beb771cb
50,Amanda Robinson,amanda.robinson@example.com,b5d966eb0c2845953fab12c306c906a3561162262115c3b6fc19aead8d14
